"VARIABLE","REG","DATA","UNITS","OUTPUT"
"p_QWATERr","E_Euro","8.4087553","K m^3 / YR","PCT CHANGE"
"p_QWATERr","N_Afr","5.3671527","K m^3 / YR","PCT CHANGE"
"p_QWATERr","SSA","7.7300982","K m^3 / YR","PCT CHANGE"
"p_QWATERr","S_Amer","7.9861803","K m^3 / YR","PCT CHANGE"
"p_QWATERr","AUS_NZ","8.8025408","K m^3 / YR","PCT CHANGE"
"p_QWATERr","EU","6.9994235","K m^3 / YR","PCT CHANGE"
"p_QWATERr","S_Asia","5.7731123","K m^3 / YR","PCT CHANGE"
"p_QWATERr","CC_Amer","7.2648106","K m^3 / YR","PCT CHANGE"
"p_QWATERr","S_Afr","5.494091","K m^3 / YR","PCT CHANGE"
"p_QWATERr","SE_Asia","6.0359735","K m^3 / YR","PCT CHANGE"
"p_QWATERr","CAN","5.8348064","K m^3 / YR","PCT CHANGE"
"p_QWATERr","US","5.4306931","K m^3 / YR","PCT CHANGE"
"p_QWATERr","CHN_MNG","5.2658439","K m^3 / YR","PCT CHANGE"
"p_QWATERr","M_East","5.8276873","K m^3 / YR","PCT CHANGE"
"p_QWATERr","JPN_KR","2.7658675","K m^3 / YR","PCT CHANGE"
"p_QWATERr","C_Asia","7.4470758","K m^3 / YR","PCT CHANGE"
