"VARIABLE","REG","DATA","UNITS","OUTPUT"
"p_QCRPTRADEr","E_Euro","-1724.248","K MT","ABS CHANGE"
"p_QCRPTRADEr","N_Afr","-2898.1523","K MT","ABS CHANGE"
"p_QCRPTRADEr","SSA","11914.047","K MT","ABS CHANGE"
"p_QCRPTRADEr","S_Amer","25138.625","K MT","ABS CHANGE"
"p_QCRPTRADEr","AUS_NZ","1845.4648","K MT","ABS CHANGE"
"p_QCRPTRADEr","EU","-28611.125","K MT","ABS CHANGE"
"p_QCRPTRADEr","S_Asia","-1861.125","K MT","ABS CHANGE"
"p_QCRPTRADEr","CC_Amer","-999.44922","K MT","ABS CHANGE"
"p_QCRPTRADEr","S_Afr","1294.7842","K MT","ABS CHANGE"
"p_QCRPTRADEr","SE_Asia","4578.3125","K MT","ABS CHANGE"
"p_QCRPTRADEr","CAN","2355.582","K MT","ABS CHANGE"
"p_QCRPTRADEr","US","12686.125","K MT","ABS CHANGE"
"p_QCRPTRADEr","CHN_MNG","-3431.0547","K MT","ABS CHANGE"
"p_QCRPTRADEr","M_East","-1387.7266","K MT","ABS CHANGE"
"p_QCRPTRADEr","JPN_KR","-18892.531","K MT","ABS CHANGE"
"p_QCRPTRADEr","C_Asia","-7.4282227","K MT","ABS CHANGE"
