"VARIABLE","REG","DATA","UNITS","OUTPUT"
"p_QCROPr","E_Euro","471242.47","K MT","NEW VALUE"
"p_QCROPr","N_Afr","242082.02","K MT","NEW VALUE"
"p_QCROPr","SSA","959405.19","K MT","NEW VALUE"
"p_QCROPr","S_Amer","1048590","K MT","NEW VALUE"
"p_QCROPr","AUS_NZ","84639.133","K MT","NEW VALUE"
"p_QCROPr","EU","916447.75","K MT","NEW VALUE"
"p_QCROPr","S_Asia","1532355.6","K MT","NEW VALUE"
"p_QCROPr","CC_Amer","272043.25","K MT","NEW VALUE"
"p_QCROPr","S_Afr","62991.703","K MT","NEW VALUE"
"p_QCROPr","SE_Asia","1237580.5","K MT","NEW VALUE"
"p_QCROPr","CAN","114049.44","K MT","NEW VALUE"
"p_QCROPr","US","901753.06","K MT","NEW VALUE"
"p_QCROPr","CHN_MNG","3128724.8","K MT","NEW VALUE"
"p_QCROPr","M_East","487706.69","K MT","NEW VALUE"
"p_QCROPr","JPN_KR","117371.03","K MT","NEW VALUE"
"p_QCROPr","C_Asia","81692.312","K MT","NEW VALUE"
