"VARIABLE","REG","DATA","UNITS","OUTPUT"
"p_QWATERha_r","E_Euro","2.136132","m^3 / YR / HA","PCT CHANGE"
"p_QWATERha_r","N_Afr","3.7816887","m^3 / YR / HA","PCT CHANGE"
"p_QWATERha_r","SSA","1.8779913","m^3 / YR / HA","PCT CHANGE"
"p_QWATERha_r","S_Amer","2.6460004","m^3 / YR / HA","PCT CHANGE"
"p_QWATERha_r","AUS_NZ","2.9721925","m^3 / YR / HA","PCT CHANGE"
"p_QWATERha_r","EU","5.1325779","m^3 / YR / HA","PCT CHANGE"
"p_QWATERha_r","S_Asia","2.0122132","m^3 / YR / HA","PCT CHANGE"
"p_QWATERha_r","CC_Amer","3.7903221","m^3 / YR / HA","PCT CHANGE"
"p_QWATERha_r","S_Afr","1.8668016","m^3 / YR / HA","PCT CHANGE"
"p_QWATERha_r","SE_Asia","3.0074706","m^3 / YR / HA","PCT CHANGE"
"p_QWATERha_r","CAN","1.9137466","m^3 / YR / HA","PCT CHANGE"
"p_QWATERha_r","US","4.6901302","m^3 / YR / HA","PCT CHANGE"
"p_QWATERha_r","CHN_MNG","1.7118237","m^3 / YR / HA","PCT CHANGE"
"p_QWATERha_r","M_East","4.0017991","m^3 / YR / HA","PCT CHANGE"
"p_QWATERha_r","JPN_KR","1.1409456","m^3 / YR / HA","PCT CHANGE"
"p_QWATERha_r","C_Asia","1.7197552","m^3 / YR / HA","PCT CHANGE"
