<?xml version="1.0" encoding="utf-8"?>
    <TileMap version="1.0.0" tilemapservice="http://tms.osgeo.org/1.0.0">
      <Title>p_QCROPgl_rainfed_temp_color.tiff</Title>
      <Abstract></Abstract>
      <SRS>EPSG:3857</SRS>
      <BoundingBox minx="-124.49999995000002" miny="25.32870934182908" maxx="-66.97237137341274" maxy="49.33333333500000"/>
      <Origin x="-124.49999995000002" y="25.32870934182908"/>
      <TileFormat width="256" height="256" mime-type="image/png" extension="png"/>
      <TileSets profile="mercator">
        <TileSet href="1" units-per-pixel="78271.51695000000473" order="1"/>
        <TileSet href="2" units-per-pixel="39135.75847500000236" order="2"/>
        <TileSet href="3" units-per-pixel="19567.87923750000118" order="3"/>
        <TileSet href="4" units-per-pixel="9783.93961875000059" order="4"/>
        <TileSet href="5" units-per-pixel="4891.96980937500030" order="5"/>
        <TileSet href="6" units-per-pixel="2445.98490468750015" order="6"/>
        <TileSet href="7" units-per-pixel="1222.99245234375007" order="7"/>
        <TileSet href="8" units-per-pixel="611.49622617187504" order="8"/>
      </TileSets>
    </TileMap>
    