"VARIABLE","REG","DATA","UNITS","OUTPUT"
"p_PCROPr","E_Euro","16.435425","USD / MT","ABS CHANGE"
"p_PCROPr","N_Afr","15.00853","USD / MT","ABS CHANGE"
"p_PCROPr","SSA","14.293549","USD / MT","ABS CHANGE"
"p_PCROPr","S_Amer","13.601379","USD / MT","ABS CHANGE"
"p_PCROPr","AUS_NZ","14.577271","USD / MT","ABS CHANGE"
"p_PCROPr","EU","15.070831","USD / MT","ABS CHANGE"
"p_PCROPr","S_Asia","18.335709","USD / MT","ABS CHANGE"
"p_PCROPr","CC_Amer","15.210114","USD / MT","ABS CHANGE"
"p_PCROPr","S_Afr","14.181946","USD / MT","ABS CHANGE"
"p_PCROPr","SE_Asia","15.271576","USD / MT","ABS CHANGE"
"p_PCROPr","CAN","15.098801","USD / MT","ABS CHANGE"
"p_PCROPr","US","12.971954","USD / MT","ABS CHANGE"
"p_PCROPr","CHN_MNG","15.314362","USD / MT","ABS CHANGE"
"p_PCROPr","M_East","14.772369","USD / MT","ABS CHANGE"
"p_PCROPr","JPN_KR","15.543045","USD / MT","ABS CHANGE"
"p_PCROPr","C_Asia","13.396988","USD / MT","ABS CHANGE"
