"VARIABLE","REG","DATA","UNITS","OUTPUT"
"p_PCROPr","E_Euro","242.36212","USD / MT","NEW VALUE"
"p_PCROPr","N_Afr","240.80879","USD / MT","NEW VALUE"
"p_PCROPr","SSA","239.73431","USD / MT","NEW VALUE"
"p_PCROPr","S_Amer","239.79301","USD / MT","NEW VALUE"
"p_PCROPr","AUS_NZ","240.4106","USD / MT","NEW VALUE"
"p_PCROPr","EU","241.74257","USD / MT","NEW VALUE"
"p_PCROPr","S_Asia","244.55794","USD / MT","NEW VALUE"
"p_PCROPr","CC_Amer","240.87418","USD / MT","NEW VALUE"
"p_PCROPr","S_Afr","240.04929","USD / MT","NEW VALUE"
"p_PCROPr","SE_Asia","241.18613","USD / MT","NEW VALUE"
"p_PCROPr","CAN","241.43376","USD / MT","NEW VALUE"
"p_PCROPr","US","238.99408","USD / MT","NEW VALUE"
"p_PCROPr","CHN_MNG","241.59328","USD / MT","NEW VALUE"
"p_PCROPr","M_East","240.84285","USD / MT","NEW VALUE"
"p_PCROPr","JPN_KR","241.24448","USD / MT","NEW VALUE"
"p_PCROPr","C_Asia","239.48395","USD / MT","NEW VALUE"
