"VARIABLE","REG","DATA","UNITS","OUTPUT"
"p_QLANDrl_Rainfed","E_Euro","6.119863","K HA","PCT CHANGE"
"p_QLANDrl_Rainfed","N_Afr","1.1521651","K HA","PCT CHANGE"
"p_QLANDrl_Rainfed","SSA","5.7373633","K HA","PCT CHANGE"
"p_QLANDrl_Rainfed","S_Amer","5.16435","K HA","PCT CHANGE"
"p_QLANDrl_Rainfed","AUS_NZ","5.6373343","K HA","PCT CHANGE"
"p_QLANDrl_Rainfed","EU","1.6759809","K HA","PCT CHANGE"
"p_QLANDrl_Rainfed","S_Asia","3.3765109","K HA","PCT CHANGE"
"p_QLANDrl_Rainfed","CC_Amer","3.0529284","K HA","PCT CHANGE"
"p_QLANDrl_Rainfed","S_Afr","3.4990487","K HA","PCT CHANGE"
"p_QLANDrl_Rainfed","SE_Asia","2.7928886","K HA","PCT CHANGE"
"p_QLANDrl_Rainfed","CAN","3.843946","K HA","PCT CHANGE"
"p_QLANDrl_Rainfed","US","0.64812088","K HA","PCT CHANGE"
"p_QLANDrl_Rainfed","CHN_MNG","3.2611127","K HA","PCT CHANGE"
"p_QLANDrl_Rainfed","M_East","1.3221172","K HA","PCT CHANGE"
"p_QLANDrl_Rainfed","JPN_KR","1.4399116","K HA","PCT CHANGE"
"p_QLANDrl_Rainfed","C_Asia","5.3394275","K HA","PCT CHANGE"
