"VARIABLE","REG","DATA","UNITS","OUTPUT"
"p_QLANDrl_Irrigated","E_Euro","6.5503955","K HA","PCT CHANGE"
"p_QLANDrl_Irrigated","N_Afr","2.5451527","K HA","PCT CHANGE"
"p_QLANDrl_Irrigated","SSA","6.0804672","K HA","PCT CHANGE"
"p_QLANDrl_Irrigated","S_Amer","5.6439772","K HA","PCT CHANGE"
"p_QLANDrl_Irrigated","AUS_NZ","6.2560806","K HA","PCT CHANGE"
"p_QLANDrl_Irrigated","EU","2.6714437","K HA","PCT CHANGE"
"p_QLANDrl_Irrigated","S_Asia","4.0659599","K HA","PCT CHANGE"
"p_QLANDrl_Irrigated","CC_Amer","4.1432223","K HA","PCT CHANGE"
"p_QLANDrl_Irrigated","S_Afr","3.8854918","K HA","PCT CHANGE"
"p_QLANDrl_Irrigated","SE_Asia","3.3584714","K HA","PCT CHANGE"
"p_QLANDrl_Irrigated","CAN","4.1921668","K HA","PCT CHANGE"
"p_QLANDrl_Irrigated","US","0.98023903","K HA","PCT CHANGE"
"p_QLANDrl_Irrigated","CHN_MNG","3.6773024","K HA","PCT CHANGE"
"p_QLANDrl_Irrigated","M_East","2.5961196","K HA","PCT CHANGE"
"p_QLANDrl_Irrigated","JPN_KR","1.7177119","K HA","PCT CHANGE"
"p_QLANDrl_Irrigated","C_Asia","5.9215484","K HA","PCT CHANGE"
