"VARIABLE","REG","DATA","UNITS","OUTPUT"
"p_PCROPr","E_Euro","7.2746711","USD / MT","PCT CHANGE"
"p_PCROPr","N_Afr","6.6468201","USD / MT","PCT CHANGE"
"p_PCROPr","SSA","6.3402653","USD / MT","PCT CHANGE"
"p_PCROPr","S_Amer","6.0132132","USD / MT","PCT CHANGE"
"p_PCROPr","AUS_NZ","6.4548783","USD / MT","PCT CHANGE"
"p_PCROPr","EU","6.648747","USD / MT","PCT CHANGE"
"p_PCROPr","S_Asia","8.105175","USD / MT","PCT CHANGE"
"p_PCROPr","CC_Amer","6.7401586","USD / MT","PCT CHANGE"
"p_PCROPr","S_Afr","6.2788858","USD / MT","PCT CHANGE"
"p_PCROPr","SE_Asia","6.759892","USD / MT","PCT CHANGE"
"p_PCROPr","CAN","6.6709986","USD / MT","PCT CHANGE"
"p_PCROPr","US","5.7392421","USD / MT","PCT CHANGE"
"p_PCROPr","CHN_MNG","6.7679124","USD / MT","PCT CHANGE"
"p_PCROPr","M_East","6.5344081","USD / MT","PCT CHANGE"
"p_PCROPr","JPN_KR","6.8865538","USD / MT","PCT CHANGE"
"p_PCROPr","C_Asia","5.9255905","USD / MT","PCT CHANGE"
