"VARIABLE","REG","DATA","UNITS","OUTPUT"
"p_QCRPTRADEr","E_Euro","-18046.15","K MT","NEW VALUE"
"p_QCRPTRADEr","N_Afr","-41207.824","K MT","NEW VALUE"
"p_QCRPTRADEr","SSA","134643.81","K MT","NEW VALUE"
"p_QCRPTRADEr","S_Amer","272963.66","K MT","NEW VALUE"
"p_QCRPTRADEr","AUS_NZ","21510.109","K MT","NEW VALUE"
"p_QCRPTRADEr","EU","-360784.06","K MT","NEW VALUE"
"p_QCRPTRADEr","S_Asia","24804.594","K MT","NEW VALUE"
"p_QCRPTRADEr","CC_Amer","-4969.2969","K MT","NEW VALUE"
"p_QCRPTRADEr","S_Afr","14471.061","K MT","NEW VALUE"
"p_QCRPTRADEr","SE_Asia","136027.53","K MT","NEW VALUE"
"p_QCRPTRADEr","CAN","26037.074","K MT","NEW VALUE"
"p_QCRPTRADEr","US","89395.641","K MT","NEW VALUE"
"p_QCRPTRADEr","CHN_MNG","-37677.141","K MT","NEW VALUE"
"p_QCRPTRADEr","M_East","-28837.168","K MT","NEW VALUE"
"p_QCRPTRADEr","JPN_KR","-223563.09","K MT","NEW VALUE"
"p_QCRPTRADEr","C_Asia","-4768.6714","K MT","NEW VALUE"
