"VARIABLE","REG","DATA","UNITS","OUTPUT"
"p_QCRPTRADEr","E_Euro","10.564009","K MT","PCT CHANGE"
"p_QCRPTRADEr","N_Afr","7.5650702","K MT","PCT CHANGE"
"p_QCRPTRADEr","SSA","9.707551","K MT","PCT CHANGE"
"p_QCRPTRADEr","S_Amer","10.143698","K MT","PCT CHANGE"
"p_QCRPTRADEr","AUS_NZ","9.3846846","K MT","PCT CHANGE"
"p_QCRPTRADEr","EU","8.6133251","K MT","PCT CHANGE"
"p_QCRPTRADEr","S_Asia","-6.9794645","K MT","PCT CHANGE"
"p_QCRPTRADEr","CC_Amer","25.176012","K MT","PCT CHANGE"
"p_QCRPTRADEr","S_Afr","9.8266325","K MT","PCT CHANGE"
"p_QCRPTRADEr","SE_Asia","3.482949","K MT","PCT CHANGE"
"p_QCRPTRADEr","CAN","9.9469318","K MT","PCT CHANGE"
"p_QCRPTRADEr","US","16.537874","K MT","PCT CHANGE"
"p_QCRPTRADEr","CHN_MNG","10.01882","K MT","PCT CHANGE"
"p_QCRPTRADEr","M_East","5.0555749","K MT","PCT CHANGE"
"p_QCRPTRADEr","JPN_KR","9.2307062","K MT","PCT CHANGE"
"p_QCRPTRADEr","C_Asia","0.15601481","K MT","PCT CHANGE"
