"VARIABLE","REG","DATA","UNITS","OUTPUT"
"p_QCROPr","E_Euro","34742.469","K MT","ABS CHANGE"
"p_QCROPr","N_Afr","17782.016","K MT","ABS CHANGE"
"p_QCROPr","SSA","68905.188","K MT","ABS CHANGE"
"p_QCROPr","S_Amer","67590","K MT","ABS CHANGE"
"p_QCROPr","AUS_NZ","6039.1328","K MT","ABS CHANGE"
"p_QCROPr","EU","60447.75","K MT","ABS CHANGE"
"p_QCROPr","S_Asia","92355.625","K MT","ABS CHANGE"
"p_QCROPr","CC_Amer","16043.25","K MT","ABS CHANGE"
"p_QCROPr","S_Afr","4191.7031","K MT","ABS CHANGE"
"p_QCROPr","SE_Asia","55580.5","K MT","ABS CHANGE"
"p_QCROPr","CAN","7919.4375","K MT","ABS CHANGE"
"p_QCROPr","US","51759.938","K MT","ABS CHANGE"
"p_QCROPr","CHN_MNG","188724.75","K MT","ABS CHANGE"
"p_QCROPr","M_East","33706.688","K MT","ABS CHANGE"
"p_QCROPr","JPN_KR","6171.0312","K MT","ABS CHANGE"
"p_QCROPr","C_Asia","5792.3125","K MT","ABS CHANGE"
