"VARIABLE","REG","DATA","UNITS","OUTPUT"
"p_QLANDr","E_Euro","6.1414409","K HA","PCT CHANGE"
"p_QLANDr","N_Afr","1.5276917","K HA","PCT CHANGE"
"p_QLANDr","SSA","5.7442307","K HA","PCT CHANGE"
"p_QLANDr","S_Amer","5.2025213","K HA","PCT CHANGE"
"p_QLANDr","AUS_NZ","5.6620617","K HA","PCT CHANGE"
"p_QLANDr","EU","1.7757065","K HA","PCT CHANGE"
"p_QLANDr","S_Asia","3.6867144","K HA","PCT CHANGE"
"p_QLANDr","CC_Amer","3.3476026","K HA","PCT CHANGE"
"p_QLANDr","S_Afr","3.560816","K HA","PCT CHANGE"
"p_QLANDr","SE_Asia","2.9400811","K HA","PCT CHANGE"
"p_QLANDr","CAN","3.8474298","K HA","PCT CHANGE"
"p_QLANDr","US","0.70738566","K HA","PCT CHANGE"
"p_QLANDr","CHN_MNG","3.4942055","K HA","PCT CHANGE"
"p_QLANDr","M_East","1.7556318","K HA","PCT CHANGE"
"p_QLANDr","JPN_KR","1.6065917","K HA","PCT CHANGE"
"p_QLANDr","C_Asia","5.6304884","K HA","PCT CHANGE"
