"VARIABLE","REG","DATA","UNITS","OUTPUT"
"p_YIELDr","E_Euro","1.7127059","MT / HA","PCT CHANGE"
"p_YIELDr","N_Afr","6.3037858","MT / HA","PCT CHANGE"
"p_YIELDr","SSA","1.88528","MT / HA","PCT CHANGE"
"p_YIELDr","S_Amer","1.6039395","MT / HA","PCT CHANGE"
"p_YIELDr","AUS_NZ","1.9129939","MT / HA","PCT CHANGE"
"p_YIELDr","EU","5.193718","MT / HA","PCT CHANGE"
"p_YIELDr","S_Asia","2.6299131","MT / HA","PCT CHANGE"
"p_YIELDr","CC_Amer","2.8247364","MT / HA","PCT CHANGE"
"p_YIELDr","S_Afr","3.4452529","MT / HA","PCT CHANGE"
"p_YIELDr","SE_Asia","1.7118342","MT / HA","PCT CHANGE"
"p_YIELDr","CAN","3.4806716","MT / HA","PCT CHANGE"
"p_YIELDr","US","5.3442655","MT / HA","PCT CHANGE"
"p_YIELDr","CHN_MNG","2.8262525","MT / HA","PCT CHANGE"
"p_YIELDr","M_East","5.5709405","MT / HA","PCT CHANGE"
"p_YIELDr","JPN_KR","3.8805535","MT / HA","PCT CHANGE"
"p_YIELDr","C_Asia","1.8943515","MT / HA","PCT CHANGE"
