"VARIABLE","REG","DATA","UNITS","OUTPUT"
"p_QCROPr","E_Euro","7.9593315","K MT","PCT CHANGE"
"p_QCROPr","N_Afr","7.9277797","K MT","PCT CHANGE"
"p_QCROPr","SSA","7.7378063","K MT","PCT CHANGE"
"p_QCROPr","S_Amer","6.8899069","K MT","PCT CHANGE"
"p_QCROPr","AUS_NZ","7.6833701","K MT","PCT CHANGE"
"p_QCROPr","EU","7.0616498","K MT","PCT CHANGE"
"p_QCROPr","S_Asia","6.4135852","K MT","PCT CHANGE"
"p_QCROPr","CC_Amer","6.2669005","K MT","PCT CHANGE"
"p_QCROPr","S_Afr","7.1287484","K MT","PCT CHANGE"
"p_QCROPr","SE_Asia","4.7022443","K MT","PCT CHANGE"
"p_QCROPr","CAN","7.4620171","K MT","PCT CHANGE"
"p_QCROPr","US","6.0894561","K MT","PCT CHANGE"
"p_QCROPr","CHN_MNG","6.4192128","K MT","PCT CHANGE"
"p_QCROPr","M_East","7.4243774","K MT","PCT CHANGE"
"p_QCROPr","JPN_KR","5.5494895","K MT","PCT CHANGE"
"p_QCROPr","C_Asia","7.6315012","K MT","PCT CHANGE"
